"","lat","lng"
"1",NA,NA
"37",37.249147,-8.843732
"52",NA,NA
"61",37.510162,-7.775081
"66",37.980222,-8.073403
"76",NA,NA
"84",NA,NA
"101",38.119346,-8.051727
"103",38.429422,-9.172834
"109",38.091553,-7.603707
"112",37.200521,-7.620665
"115",37.203486,-7.61873
"117",37.986363,-8.141549
"118",38.080003,-8.120999
"133",38.363859,-7.390631
"140",37.974395,-8.02489
"151",NA,NA
"152",NA,NA
"154",38.37047,-7.455902
"164",38.005806,-7.626515
"165",NA,NA
"166",37.98559,-7.995537
"172",38.344374,-7.372414
"183",37.303936,-8.795747
"184",38.116425,-7.664797
"185",37.947412,-7.812133
"186",37.95434,-7.808553
"188",37.999125,-7.680309
"192",37.739909,-8.794308
"193",37.737701,-8.794402
"194",37.737184,-8.796723
"198",38.067236,-7.964995
"199",37.841393,-7.793745
"212",37.694703,-8.559409
"213",38.140553,-7.676814
"214",38.068457,-8.095486
"225",38.007186,-7.547235
"229",37.037562,-7.930766
"238",38.023138,-7.566845
"244",38.19561,-7.504098
"252",38.089599,-7.753265
"254",38.115268,-8.057125
"255",37.96324,-7.600441
"260",NA,NA
"262",38.526181,-8.012915
"265",NA,NA
"268",NA,NA
"283",38.68628,-8.353868
"287",38.41459,-7.364809
"289",NA,NA
"290",38.685609,-9.152514
"293",NA,NA
"296",NA,NA
"309",38.010312,-7.938617
"314",37.371493,-8.799163
"319",38.004566,-7.792551
"321",37.92997,-7.780474
"329",38.554996,-8.213137
"331",37.944613,-7.597333
"332",37.942105,-7.596475
"333",NA,NA
"350",37.899851,-7.616565
"359",38.107176,-7.860715
"368",37.969042,-7.519053
"380",38.003728,-8.075821
"383",38.07593,-7.971905
"389",38.460899,-7.475349
"399",38.095928,-8.076411
"408",38.461299,-7.510828
"409",38.46188,-7.513389
"420",38.70443,-7.793965
"421",38.673531,-7.951435
"422",38.668702,-7.951194
"423",38.668703,-7.951642
"424",38.673531,-7.951435
"425",38.601976,-7.995398
"426",38.602288,-7.97874
"427",38.604499,-7.974695
"428",38.600477,-7.978193
"429",38.604101,-7.980435
"430",NA,NA
"432",38.543206,-8.070009
"433",38.546807,-8.066565
"436",38.092562,-7.752919
"439",NA,NA
"443",NA,NA
"449",38.586004,-7.27232
"456",37.150878,-8.4291
"459",38.681873,-7.998636
"461",38.538704,-8.073454
"483",38.295791,-8.230687
"487",38.632101,-7.447735
"494",37.389127,-7.528281
"518",38.288106,-7.570509
"520",38.237324,-8.017159
"521",38.235075,-8.019447
"540",38.508636,-7.772734
"541",38.564008,-8.918114
"542",38.726942,-7.267413
"544",37.94746,-7.337465
"545",38.303233,-7.386596
"548",37.613087,-8.603679
"549",37.997992,-7.709996
"569",38.445041,-7.338141
"570",38.438751,-7.340501
"575",38.030767,-7.617345
"592",NA,NA
"602",38.054344,-7.474785
"617",37.485186,-8.125173
"629",37.929658,-7.593461
"640",NA,NA
"641",37.996078,-8.095704
"643",38.826848,-7.318946
"644",38.790685,-8.225464
"645",NA,NA
"648",37.200113,-8.592089
"650",37.201397,-8.598011
"651",NA,NA
"652",NA,NA
"653",37.198812,-8.590842
"654",37.198948,-8.590561
"655",37.19895,-8.590111
"656",37.199311,-8.589775
"657",37.199356,-8.589775
"658",37.199093,-8.588028
"659",37.200147,-8.594962
"660",37.199183,-8.587916
"661",NA,NA
"662",37.28996,-7.814333
"663",37.087034,-8.831529
"664",37.092372,-7.703188
"665",NA,NA
"666",38.634728,-7.756393
"667",37.341812,-7.562064
"668",37.72787,-8.791569
"669",37.410374,-7.686922
"670",NA,NA
"672",37.9486,-7.541818
"674",37.587281,-8.748776
"675",37.367305,-8.106094
"676",38.161707,-8.13024
"677",NA,NA
"679",38.718541,-7.503282
"680",38.532476,-8.918689
"681",38.658305,-7.996336
"682",38.011617,-7.757714
"684",37.48055,-8.473394
"686",38.686965,-9.147809
"688",NA,NA
"689",37.803938,-8.288086
"691",NA,NA
"692",38.665618,-8.297975
"693",38.253905,-7.949727
"694",38.123113,-8.65276
"696",NA,NA
"697",NA,NA
"698",NA,NA
"699",NA,NA
"700",NA,NA
"702",38.389383,-7.367365
"703",37.976871,-7.560064
"704",37.49542,-7.661539
"705",37.690049,-8.063362
"706",38.758414,-7.464967
"707",38.238227,-8.018871
"708",38.071471,-8.118277
"709",NA,NA
"710",38.071883,-8.078389
"711",38.39671,-7.344623
"712",37.315199,-8.795846
"713",38.79293,-7.881888
"714",38.792464,-7.874695
"716",37.142208,-8.606933
"717",38.428866,-9.174658
"718",38.486365,-8.943402
"719",NA,NA
"720",38.030678,-8.441815
"721",NA,NA
"722",38.140597,-7.649631
"724",37.203038,-7.619409
"725",38.55423,-8.959268
"727",38.564092,-8.048306
"728",38.413013,-7.344331
"729",37.83732,-8.246691
"730",38.477382,-7.325181
"731",NA,NA
"732",NA,NA
"733",38.125957,-7.078102
"734",38.642645,-9.221967
"735",38.507052,-7.318269
"738",38.520284,-8.987354
"739",38.262655,-7.507863
"740",38.053698,-8.451015
"741",NA,NA
"742",37.759388,-8.018472
"743",38.000055,-7.752166
"744",38.234109,-7.496629
"746",38.028441,-8.103718
"748",38.29763,-7.431888
"750",38.066139,-7.966947
"751",37.175472,-8.625157
"752",NA,NA
"753",37.195111,-8.580683
"754",37.194931,-8.580682
"755",37.194886,-8.580625
"756",NA,NA
"757",NA,NA
"758",37.954479,-8.130349
"759",38.08725,-8.482051
"760",NA,NA
"761",NA,NA
"762",NA,NA
"763",38.155531,-7.709523
"764",37.93762,-8.048855
"765",37.97034,-7.685015
"768",38.437165,-8.065244
"769",38.03833,-7.473892
"770",38.345162,-7.355248
"771",37.946197,-7.970982
"772",38.074688,-7.5938
"773",38.076368,-7.596682
"774",NA,NA
"775",38.401041,-7.742141
"776",38.066204,-7.974513
"777",38.458531,-8.079248
"778",38.4508,-8.075668
"779",38.455937,-8.079467
"780",38.454394,-8.073924
"781",38.454261,-8.078334
"782",NA,NA
"783",NA,NA
"784",NA,NA
"785",38.291935,-8.228882
"787",37.975761,-7.578567
"788",38.269199,-8.147183
"789",NA,NA
"790",37.751733,-8.021321
"791",38.396166,-8.109674
"792",38.247804,-8.052727
"793",NA,NA
"794",NA,NA
"795",38.063513,-7.6129
"796",38.899871,-8.003415
"797",38.057604,-7.957927
"798",38.063094,-7.960629
"799",38.069986,-8.128385
"800",38.075731,-8.109626
"801",NA,NA
"802",37.123015,-7.857398
"804",37.052766,-8.956663
"805",38.307155,-8.030768
"806",37.068495,-8.914566
"807",38.066412,-8.005144
"808",38.068344,-8.008616
"809",38.172842,-8.133971
"810",37.926118,-8.125129
"811",38.261987,-7.507583
"812",38.038744,-8.091206
"813",38.034001,-7.958658
"814",38.040982,-7.963882
"815",38.050957,-7.574173
"816",37.975936,-8.079723
"817",NA,NA
"818",37.134948,-8.634911
"819",38.063662,-8.068824
"820",37.957716,-8.83491
"821",38.03589,-7.580962
"822",37.845479,-7.626601
"826",38.045601,-8.440021
"827",37.155058,-8.904763
"828",38.022099,-8.007669
"829",37.576453,-8.294924
"830",37.577897,-8.293252
"831",NA,NA
"832",38.168462,-8.149068
"833",38.451697,-7.401715
"837",38.645853,-7.948472
"838",38.052246,-7.548426
"839",38.028834,-7.567302
"840",38.804402,-7.47346
"842",NA,NA
"843",38.536917,-8.927912
"844",37.735055,-8.795603
"845",38.063416,-8.461951
"846",38.073744,-7.580564
"851",38.541465,-8.921425
"852",37.318321,-8.760337
"853",38.691787,-7.268883
"854",38.690471,-7.268772
"855",37.261093,-8.803826
"856",NA,NA
"857",NA,NA
"858",38.450065,-8.115465
"862",37.910834,-7.600523
"864",38.006095,-7.745258
"865",NA,NA
"866",NA,NA
"867",NA,NA
"868",37.750941,-8.437186
"869",NA,NA
"870",37.259121,-8.225477
"872",NA,NA
"873",38.097235,-8.079807
"874",38.422453,-7.433718
"875",37.13887,-8.534882
"876",38.161957,-7.429947
"878",38.455876,-9.102873
"879",38.612779,-8.34611
"881",38.114972,-7.655365
"882",38.096524,-8.063369
"883",37.123147,-8.343473
"884",38.134164,-7.557514
"885",38.63059,-7.919754
"886",NA,NA
"887",37.130742,-8.540466
"888",38.524935,-8.235729
"889",38.058674,-7.508883
"890",NA,NA
"891",NA,NA
"892",38.1474,-7.897859
"893",37.378838,-7.579849
"895",38.073121,-8.131884
"896",NA,NA
"897",NA,NA
"898",38.531994,-8.923271
"899",38.104008,-8.726288
"900",37.927761,-7.767905
"902",NA,NA
"904",NA,NA
"905",37.904551,-7.29862
"906",38.474088,-7.399587
"907",NA,NA
"909",37.971581,-7.291387
"910",37.305262,-7.607684
"911",37.333321,-7.487656
"912",37.309681,-7.449506
"914",NA,NA
"915",37.130851,-8.560723
"916",38.580445,-7.937427
"918",NA,NA
"919",38.30838,-8.234026
"920",38.634792,-7.399447
"921",38.099932,-7.656546
"922",38.650577,-7.552365
"923",38.260087,-7.990273
"924",38.243602,-7.990876
"925",38.241351,-7.992023
"926",38.541331,-8.132304
"927",37.388388,-7.86603
"929",NA,NA
"930",37.168472,-8.572194
"931",38.159624,-7.781598
"932",38.053577,-8.700484
"933",37.989903,-7.607511
"935",38.555942,-8.948932
"936",NA,NA
"937",NA,NA
"940",38.406201,-8.104816
"941",NA,NA
"942",38.396086,-8.181927
"943",NA,NA
"944",38.508974,-8.068892
"945",38.498699,-8.060189
"946",38.747756,-7.825394
"947",NA,NA
"948",NA,NA
"949",NA,NA
"950",38.096703,-8.078599
"951",NA,NA
"952",37.124742,-8.348079
"953",38.411178,-7.394613
"955",37.236509,-7.432531
"956",NA,NA
"962",38.539073,-8.014282
"964",NA,NA
"966",38.507995,-8.00617
"967",38.508329,-8.006605
"968",NA,NA
"969",NA,NA
"971",38.486451,-8.065474
"974",37.812186,-7.649348
"977",38.392262,-7.969044
"981",NA,NA
"983",NA,NA
"986",NA,NA
"989",38.663512,-8.032805
"991",38.942103,-7.507874
"992",NA,NA
"994",37.322741,-8.733297
"996",38.148988,-7.698939
"997",38.151349,-7.691898
"998",38.109629,-8.073082
"999",38.107305,-8.075353
"1000",38.123351,-8.077211
"1001",38.128042,-8.091772
"1002",38.004099,-7.699794
"1003",NA,NA
"1004",37.07687,-7.784468
"1005",38.378066,-7.430197
"1006",38.380343,-7.434409
"1007",NA,NA
"1010",38.052168,-7.974304
"1011",38.050002,-7.978319
"1012",NA,NA
"1013",NA,NA
"1015",37.289309,-8.544703
"1017",38.207001,-7.915593
"1019",38.501965,-9.027833
"1020",38.685535,-8.067403
"1021",NA,NA
"1022",NA,NA
"1027",NA,NA
"1028",38.748589,-7.892971
"1029",38.745205,-7.889819
"1030",37.341363,-8.789587
"1035",37.470514,-7.551592
"1036",38.500124,-9.032969
"1037",38.460806,-9.105804
"1038",37.461701,-7.573814
"1039",38.630992,-7.446275
"1040",38.13913,-7.225123
"1041",37.881562,-8.167589
"1042",38.177781,-7.062874
"1043",38.906643,-8.018966
"1046",38.298123,-8.229245
"1047",37.26096,-7.836944
"1048",37.223807,-7.448253
"1049",38.176466,-7.463178
"1050",38.028268,-7.624891
"1051",38.026737,-7.620916
"1052",37.21895,-8.35113
"1054",37.638842,-7.651583
"1056",37.165789,-7.674311
"1057",37.39616,-7.837656
"1058",37.395527,-7.836981
"1059",37.420794,-7.702675
"1060",NA,NA
"1061",NA,NA
"1062",37.314997,-7.608519
"1063",37.237274,-8.832633
"1064",37.869445,-8.165708
"1066",38.215843,-7.455384
"1067",NA,NA
"1069",38.058778,-8.139028
"1074",38.477263,-7.530023
"1075",37.56114,-8.277959
"1076",37.336907,-8.738205
"1077",37.370882,-7.896009
"1078",37.865475,-7.4041
"1079",37.270258,-7.43648
"1080",NA,NA
"1081",38.093546,-7.558083
"1082",38.160805,-8.139939
"1086",38.609971,-7.708165
"1087",38.631538,-8.027727
"1088",38.579088,-7.934286
"1089",38.644984,-7.99836
"1090",38.631354,-8.005896
"1091",38.504414,-7.655042
"1092",38.818007,-8.068549
"1591",NA,NA
"1592",38.75827,-7.667736
"1593",38.598587,-8.039254
"1594",38.610745,-8.035507
"1595",38.603234,-8.037871
"1596",38.598144,-8.049299
"1597",38.60062,-8.047861
"1598",38.476183,-7.585325
"1599",38.365576,-7.310406
"1600",37.271044,-8.304334
"1601",37.273408,-8.308015
"1602",38.903227,-8.025888
"1603",38.908996,-8.030837
"1604",38.910437,-8.030259
"1605",38.906832,-8.028073
"1606",38.903419,-8.040875
"1607",38.906805,-8.039487
"1608",38.762289,-8.016607
"1609",38.761844,-8.021785
"1610",NA,NA
"1611",38.3626,-7.405404
"1612",38.363987,-7.400996
"1613",38.364778,-7.399261
"1614",38.558722,-7.29886
"1615",38.556446,-7.295617
"1616",38.562784,-7.300133
"1617",38.480931,-7.777089
"1618",38.604738,-7.764471
"1619",38.605277,-7.763894
"1620",38.416469,-7.74665
"1621",38.507444,-7.812063
"1623",38.437495,-7.854774
"1624",38.548626,-8.115889
"1625",38.573335,-8.183334
"1626",38.684013,-7.745792
"1627",38.431751,-7.736834
"1628",38.425653,-7.791469
"1629",38.538777,-7.882978
"1630",38.762139,-8.180361
"1631",38.657287,-7.981977
"1632",38.657115,-7.786146
"1633",38.784674,-8.248394
"1634",38.55899,-7.695191
"1635",38.432092,-7.595965
"1636",38.704401,-7.799518
"1637",38.704048,-7.798818
"1638",38.626839,-7.825072
"1639",38.630059,-7.82654
"1640",38.630108,-7.835129
"1641",38.629244,-7.835443
"1642",NA,NA
"1643",NA,NA
"1644",NA,NA
"1645",38.615578,-7.754197
"1646",38.430323,-7.869689
"1647",38.430321,-7.869117
"1648",38.42685,-7.863793
"1649",38.588619,-7.774998
"1650",38.653021,-7.772898
"1651",38.441764,-7.913976
"1652",38.724527,-7.8033
"1653",38.724763,-7.803874
"1654",38.557481,-7.810522
"1655",38.662295,-8.0417
"1656",38.683121,-8.040788
"1657",38.680691,-8.032816
"1658",38.670962,-7.928563
"1659",38.569906,-7.849675
"1660",38.527589,-7.859015
"1661",NA,NA
"1662",38.518689,-7.847938
"1663",38.509562,-7.854497
"1664",38.511363,-7.85449
"1665",38.506881,-7.863679
"1666",38.701127,-7.97977
"1667",37.265947,-8.302203
"1668",37.265898,-8.304593
"1669",38.37752,-7.911789
"1670",38.428862,-7.451121
"1671",38.427736,-7.451131
"1672",38.90423,-7.907723
"1673",38.728556,-8.083935
"1674",38.729448,-8.084188
"1675",38.729723,-8.074033
"1676",38.661678,-7.524633
"1677",38.756173,-8.217033
"1678",38.872918,-8.115468
"1679",38.874089,-8.115237
"1680",38.872017,-8.115007
"1681",NA,NA
"1682",37.990751,-7.954765
"1683",38.267555,-7.514563
"1684",38.266939,-7.513871
"1685",37.166954,-8.279137
"1686",37.754475,-8.076352
"1687",38.98535,-7.53757
"1688",37.573376,-8.598222
"1689",38.878496,-7.877842
"1690",38.878489,-7.874673
"1691",NA,NA
"1692",NA,NA
"1693",NA,NA
"1694",NA,NA
"1695",38.831273,-7.911408
"1696",NA,NA
"1697",38.319453,-7.4207
"1698",38.321241,-7.418396
"1699",38.766341,-7.472948
"1700",38.086414,-7.963595
"1701",38.901187,-7.974593
"1702",38.893532,-7.976339
"1703",38.897667,-7.969875
"1704",38.896686,-7.976793
"1705",38.890815,-7.965396
"1706",37.285096,-7.701193
"1707",38.613819,-8.009589
"1708",38.610605,-8.003315
"1709",38.609234,-8.001044
"1710",38.6147,-8.007854
"1711",38.614741,-8.012447
"1712",38.612929,-8.011325
"1713",38.615632,-8.011286
"1714",38.608804,-8.003341
"1715",38.61513,-8.005546
"1716",38.61468,-8.005558
"1717",38.613769,-8.004423
"1718",38.611987,-8.006171
"1719",38.672308,-8.000159
"1720",38.671313,-7.988682
"1721",38.613,-8.002162
"1722",38.611873,-7.993542
"1723",38.617257,-7.990592
"1724",38.61521,-7.996463
"1725",38.612815,-7.997547
"1726",38.607391,-7.996467
"1727",37.266667,-8.326308
"1728",38.386388,-7.46697
"1729",38.381022,-7.473886
"1730",NA,NA
"1731",NA,NA
"1732",38.392687,-7.465768
"1733",38.397638,-7.549573
"1734",NA,NA
"1735",NA,NA
"1736",38.608005,-8.014834
"1737",38.607515,-8.010829
"1738",38.612069,-8.01593
"1739",38.611148,-8.014221
"1740",38.604874,-8.01833
"1741",38.615241,-8.026316
"1742",38.6147,-8.00728
"1743",38.622439,-8.017509
"1744",38.617392,-8.006667
"1745",38.616522,-8.010124
"1746",38.613799,-8.007867
"1747",38.500559,-7.856824
"1748",NA,NA
"1749",38.039569,-8.256231
"1750",38.76023,-7.651329
"1751",38.548581,-8.861796
"1752",NA,NA
"1753",38.367872,-7.845257
"1754",38.362966,-7.850493
"1755",38.363228,-7.854772
"1756",38.363252,-7.85706
"1757",38.320123,-7.760883
"1758",38.349366,-7.749866
"1759",38.780321,-8.207314
"1760",38.552105,-8.053757
"1761",NA,NA
"1762",NA,NA
"1763",NA,NA
"1764",38.376512,-7.876602
"1765",NA,NA
"1766",NA,NA
"1767",38.378383,-7.884011
"1768",38.373689,-7.887815
"1769",38.379596,-7.869976
"1770",38.905527,-7.987034
"1771",NA,NA
"1772",37.776863,-7.449726
"1773",37.12981,-8.549463
"1774",NA,NA
"1775",37.188442,-8.479127
"1776",37.140494,-8.370657
"1777",NA,NA
"1778",38.897651,-7.883825
"1779",NA,NA
"1780",38.785082,-7.523701
"1781",37.16429,-8.232161
"1782",38.495817,-8.06088
"1783",38.503385,-8.062821
"1784",37.750099,-8.413354
"1785",38.680507,-7.985997
"1786",38.682747,-7.976798
"1787",38.683467,-7.976441
"1788",38.647509,-7.985272
"1789",38.760671,-8.212666
"1790",38.766074,-8.215204
"1791",37.10866,-8.379467
"1792",38.600475,-7.280183
"1793",NA,NA
"1794",38.737126,-7.808475
"1795",38.641273,-8.006912
"1796",38.643494,-8.002865
"1797",38.640833,-8.007499
"1798",38.643955,-8.004002
"1799",38.644395,-8.002852
"1800",NA,NA
"1801",38.637177,-8.001223
"1802",38.63718,-8.003841
"1803",38.314388,-8.067919
"1804",38.796272,-7.601591
"1805",NA,NA
"1806",38.711153,-8.052376
"1807",37.246587,-8.344977
"1808",38.042726,-8.252705
"1809",38.773844,-7.78098
"1810",38.670594,-8.282187
"1811",38.704401,-8.259553
"1812",38.700707,-8.259891
"1813",38.705687,-8.233919
"1814",38.702802,-8.237019
"1815",38.698027,-8.237471
"1816",38.699395,-8.216794
"1817",38.394555,-7.519264
"1818",38.385925,-7.505602
"1819",38.38416,-7.512485
"1820",38.389513,-7.50271
"1821",38.39086,-7.50184
"1822",38.763787,-7.459452
"1823",38.825403,-7.525661
"1824",37.720727,-8.763151
"1825",38.409625,-7.363144
"1826",NA,NA
"1827",37.083841,-8.910225
"1828",NA,NA
"1829",NA,NA
"1830",38.5735,-7.960969
"1831",38.392932,-7.755657
"1832",38.414,-7.376505
"1833",38.417462,-7.391114
"1834",38.405759,-7.392379
"1835",38.416576,-7.393413
"1836",38.403907,-7.384384
"1837",38.419256,-7.389951
"1838",NA,NA
"1839",38.403013,-7.385538
"1840",38.414752,-7.389997
"1841",38.414738,-7.387707
"1842",38.637132,-8.109552
"1844",38.526525,-8.219676
"1845",NA,NA
"1846",NA,NA
"1847",NA,NA
"1848",38.478949,-7.955532
"1849",NA,NA
"1850",NA,NA
"1851",NA,NA
"1852",38.791803,-8.234386
"1853",NA,NA
"1854",NA,NA
"1855",38.73058,-8.076309
"1856",38.349889,-7.647581
"1857",38.537425,-8.014227
"1858",38.731122,-8.080863
"1859",NA,NA
"1860",NA,NA
"1861",NA,NA
"1862",38.544951,-8.019055
"1863",38.546391,-8.017298
"1864",37.24078,-8.314949
"1865",38.492725,-7.796196
"1866",38.613737,-8.000404
"1867",38.72128,-8.004059
"1868",38.722452,-8.004229
"1869",38.760843,-7.623736
"1870",38.760843,-7.623736
"1871",38.764471,-7.62539
"1872",38.764471,-7.62539
"1873",37.984184,-7.47523
"1874",38.51929,-8.013351
"1875",38.419513,-7.384979
"1876",38.636907,-8.110126
"1877",38.468324,-7.958927
"1878",38.474618,-7.95089
"1879",38.670571,-7.767696
"1880",38.663379,-7.772329
"1881",38.518254,-8.005166
"1882",38.520635,-8.007523
"1883",38.502791,-8.008827
"1884",38.520861,-8.008681
"1885",NA,NA
"1886",NA,NA
"1887",38.520155,-8.005128
"1888",38.40771,-7.416401
"1889",38.463659,-7.87186
"1890",38.362883,-7.932863
"1891",38.363788,-7.935149
"1892",38.624056,-8.071374
"1893",38.480728,-7.851743
"1894",38.688075,-7.311326
"1895",38.614355,-8.044114
"1896",38.255222,-7.509366
"1897",38.456529,-8.04504
"1898",38.456711,-8.047171
"1899",38.452757,-8.048286
"1900",38.710741,-7.79566
"1901",38.268251,-7.62174
"1902",38.622298,-7.917218
"1903",38.589735,-7.854188
"1904",38.426561,-7.806718
"1905",NA,NA
"1906",38.677424,-8.061848
"1907",38.674762,-8.054726
"1908",38.911933,-7.580554
"1909",38.63745,-8.003198
"1911",38.775594,-7.794204
"1912",38.676381,-7.659555
"1913",38.713838,-7.987539
"1914",38.614306,-7.517972
"1915",NA,NA
"1916",NA,NA
"1917",38.76086,-8.020244
"1918",38.603926,-8.078222
"1919",38.683165,-8.051396
"1920",38.68125,-8.058316
"1921",38.681565,-8.057443
"1922",38.678769,-8.052079
"1923",38.667457,-7.996365
"1924",38.246964,-7.8555
"1925",37.761778,-7.741655
"1926",38.664803,-8.047384
"1927",38.894013,-8.017499
"1928",NA,NA
"1929",38.353674,-7.837934
"1930",38.350975,-7.839089
"1931",38.350986,-7.843665
"1932",38.348269,-7.837956
"1933",NA,NA
"1935",38.54147,-7.685766
"1936",NA,NA
"1937",38.780303,-8.206727
"1938",38.647468,-8.021513
"1939",37.750419,-7.696044
"1940",NA,NA
"1941",38.425597,-7.826683
"1942",38.431745,-7.818182
"1943",38.732725,-8.159111
"1944",38.732356,-8.158203
"1945",38.731987,-8.157271
"1946",38.814065,-8.250387
"1947",38.699479,-8.235899
"1948",38.472318,-7.922248
"1949",NA,NA
"1950",38.629131,-8.103376
"1951",38.832284,-8.128941
"1952",38.923738,-7.593089
"1953",38.443505,-7.749942
"1954",37.926538,-8.217826
"1955",NA,NA
"1956",38.521243,-8.234175
"1957",38.340986,-7.57033
"1958",38.764086,-8.195251
"1959",37.92472,-8.237727
"1960",38.390326,-7.969781
"1961",38.661746,-7.83208
"1962",38.247198,-7.48982
"1963",38.415282,-8.062104
"1964",38.667074,-7.562159
"1965",37.91978,-8.218387
"1966",38.394382,-7.529281
"1967",38.393258,-7.529577
"1968",38.398431,-7.528389
"1969",38.578711,-7.698044
"1970",38.501419,-7.883096
"1971",38.713418,-7.787024
"1972",38.715213,-7.784716
"1973",38.290512,-7.565004
"1974",NA,NA
"1975",38.628405,-7.281001
"1976",37.944136,-8.141054
"1977",38.53859,-7.793998
"1978",38.679887,-7.299927
"1979",38.648671,-7.770254
"1980",38.768661,-8.138598
"1981",38.621316,-7.877032
"1982",38.622498,-7.877958
"1983",38.591269,-7.844265
"1984",38.448886,-7.742468
"1985",NA,NA
"1986",38.639653,-7.778902
"1987",38.586883,-8.049312
"1988",38.769307,-8.227577
"1989",38.623256,-7.878506
"1990",38.620604,-7.8729
"1991",NA,NA
"1992",38.592035,-8.078231
"1993",37.894095,-8.229157
"1994",NA,NA
"1995",38.761814,-8.225139
"1996",38.768025,-8.288684
"1997",38.469228,-7.960644
"1998",38.673744,-7.550178
"1999",38.684736,-7.98277
"2000",NA,NA
"2001",38.096236,-7.75518
"2002",38.507987,-7.914968
"2003",38.51419,-7.912954
"2004",38.704794,-8.235458
"2005",NA,NA
"2006",38.766974,-8.215193
"2007",37.784641,-7.668735
"2008",38.702483,-7.616114
"2009",38.425156,-7.659
"2010",38.942085,-8.034769
"2011",38.811661,-7.67257
"2012",38.292363,-7.575277
"2013",38.469068,-7.873559
"2014",38.992185,-8.191331
"2015",38.720283,-8.240436
"2016",38.755199,-8.205413
"2017",38.892173,-7.970003
"2018",38.663346,-7.824031
"2019",38.643581,-8.107034
"2020",NA,NA
"2021",38.909335,-8.009162
"2022",38.908885,-8.009163
"2023",38.928966,-8.003362
"2024",38.912765,-8.016074
"2025",38.909159,-8.012391
"2026",38.906455,-8.010896
"2027",38.909331,-8.005127
"2028",38.730108,-7.885845
"2029",NA,NA
"2030",37.799549,-7.606102
"2031",38.402332,-7.482851
"2032",38.393328,-7.500101
"2033",38.405501,-7.502399
"2034",38.396472,-7.498471
"2035",38.40232,-7.497161
"2036",38.403931,-7.503443
"2037",38.40244,-7.486056
"2038",38.399243,-7.491235
"2039",38.402761,-7.49544
"2040",38.403916,-7.492453
"2041",37.133177,-8.33766
"2042",38.403656,-7.494287
"2043",37.131188,-8.330801
"2044",38.401214,-7.492592
"2045",38.400504,-7.494544
"2046",37.127605,-8.334089
"2047",38.404929,-7.496566
"2048",38.249142,-7.41339
"2049",38.263413,-7.413592
"2050",38.39466,-7.496656
"2051",37.117617,-8.40425
"2052",38.742105,-7.218049
"2053",38.414986,-7.427779
"2054",38.404231,-7.437042
"2055",38.404231,-7.437042
"2056",38.40331,-7.433616
"2057",NA,NA
"2058",NA,NA
"2059",37.707872,-8.358762
"2060",37.709669,-8.361035
"2061",37.708781,-8.354228
"2062",NA,NA
"2063",38.73205,-8.264271
"2064",38.731401,-8.265041
"2065",38.697544,-8.269312
"2066",37.132457,-8.844889
"2067",38.707081,-8.921069
"2068",38.094189,-7.446123
"2069",38.753981,-7.210489
"2070",38.859062,-8.080137
"2071",38.470328,-7.835168
"2072",38.487905,-7.83968
"2073",NA,NA
"2074",38.304208,-7.432282
"2075",NA,NA
"2076",37.865154,-7.877266
"2077",38.422518,-7.45244
"2078",NA,NA
"2079",38.449518,-7.521376
"2080",NA,NA
"2081",38.665593,-8.03263
"2082",38.667114,-8.031341
"2083",38.429375,-9.198142
"2084",38.711545,-7.969723
"2085",38.713979,-7.97112
"2086",NA,NA
"2087",38.466583,-8.034406
"2088",38.470762,-8.044106
"2089",38.38336,-7.449545
"2090",38.874927,-7.477177
"2091",38.874026,-7.477197
"2092",NA,NA
"2093",37.200845,-8.589278
"2094",37.199445,-8.59017
"2095",38.555293,-7.986538
"2096",38.681027,-8.061845
"2097",38.682828,-8.060694
"2098",38.681923,-8.053799
"2099",37.057764,-8.902089
"2100",37.057779,-8.899841
"2101",37.060009,-8.903236
"2102",37.057775,-8.900403
"2103",37.293594,-7.808848
"2104",38.240142,-7.4526
"2105",38.841011,-8.050388
"2106",38.840255,-8.050757
"2107",38.816479,-8.313868
"2108",38.816928,-8.314445
"2109",37.285418,-7.834932
"2110",38.088712,-7.991438
"2111",NA,NA
"2112",37.572333,-8.170726
"2113",38.902177,-7.669393
"2114",38.410307,-7.521936
"2115",NA,NA
"2116",38.785521,-7.800487
"2117",NA,NA
"2118",38.722485,-8.116424
"2119",38.64049,-7.870773
"2120",38.637809,-7.87254
"2121",38.63807,-7.853002
"2122",38.64404,-7.867188
"2123",38.332299,-7.5514
"2124",NA,NA
"2125",38.692414,-7.999995
"2126",NA,NA
"2127",38.692742,-7.988271
"2128",38.201764,-7.517791
"2129",38.545722,-8.075054
"2130",38.548285,-8.067642
"2131",38.544371,-8.075032
"2132",38.541585,-8.07149
"2133",38.538721,-8.073087
"2134",38.402032,-7.37307
"2135",38.405582,-7.364904
"2136",38.406491,-7.36604
"2137",38.406468,-7.362605
"2138",NA,NA
"2139",NA,NA
"2140",38.09436,-7.746069
"2141",38.440548,-8.0739
"2142",37.241986,-8.276859
"2143",38.127157,-8.085865
"2144",38.383259,-7.432379
"2145",38.383235,-7.428373
"2146",38.383468,-7.429801
"2147",38.774956,-8.114111
"2148",NA,NA
"2149",NA,NA
"2150",NA,NA
"2151",NA,NA
"2152",38.855883,-7.947909
"2153",38.509824,-8.00698
"2154",38.445583,-7.422613
"2155",38.433608,-7.416145
"2156",38.435161,-7.412407
"2157",38.428236,-7.421638
"2158",38.427335,-7.421647
"2159",38.44037,-7.417224
"2160",38.441741,-7.42036
"2161",38.441723,-7.417497
"2162",38.439944,-7.421237
"2163",38.447864,-7.427459
"2164",38.44194,-7.416063
"2165",38.441465,-7.412059
"2166",38.43904,-7.420673
"2167",38.434923,-7.422133
"2168",38.447407,-7.426318
"2169",38.44992,-7.432308
"2170",38.445912,-7.402851
"2171",38.443534,-7.418911
"2172",38.514508,-8.00641
"2173",38.4428,-7.409468
"2174",38.515688,-8.00634
"2175",38.446697,-7.420598
"2176",38.434478,-7.411269
"2177",38.755629,-8.290038
"2178",38.753009,-8.288514
"2179",38.754946,-8.288345
"2180",38.753198,-8.289009
"2181",38.747283,-8.293401
"2182",38.747058,-8.293217
"2183",38.752664,-8.296922
"2184",NA,NA
"2185",38.43807,-7.446739
"2186",38.443889,-7.44067
"2187",38.609877,-7.757246
"2188",38.44029,-7.441277
"2189",38.439604,-7.439566
"2190",38.439822,-7.438418
"2191",38.443422,-7.437811
"2192",38.442525,-7.438393
"2193",38.443713,-7.448976
"2194",38.442133,-7.448419
"2195",38.443671,-7.441818
"2196",38.440352,-7.451872
"2197",38.443494,-7.450124
"2198",38.442375,-7.45128
"2199",38.442538,-7.440683
"2200",38.442757,-7.439536
"2201",38.441179,-7.439264
"2202",38.440283,-7.440132
"2203",38.439836,-7.440709
"2204",NA,NA
"2205",38.842922,-8.116397
"2206",38.969289,-8.077714
"2207",38.588505,-7.739418
"2208",37.169034,-8.499688
"2209",38.819322,-8.14231
"2210",38.825266,-8.14611
"2211",38.826797,-8.149796
"2212",38.819322,-8.139776
"2213",38.822744,-8.143462
"2214",38.826887,-8.149911
"2215",38.81761,-8.134365
"2216",NA,NA
"2217",NA,NA
"2218",38.828689,-8.150833
"2219",37.692153,-8.33241
"2220",38.717044,-7.979162
"2221",38.329569,-7.314244
"2222",NA,NA
"2223",38.804088,-7.759246
"2224",38.802752,-7.764146
"2225",38.79014,-7.500639
"2226",38.787616,-7.49203
"2227",37.952896,-7.434583
"2228",38.499787,-7.91873
"2229",38.500696,-7.923312
"2230",38.683047,-8.001208
"2231",38.682596,-8.000335
"2232",37.246707,-8.23405
"2233",NA,NA
"2234",38.869761,-8.097955
"2235",38.870841,-8.096226
"2236",38.871563,-8.097954
"2237",38.867961,-8.10314
"2238",38.867328,-8.093923
"2239",38.866156,-8.092195
"2240",38.874714,-8.093573
"2241",NA,NA
"2242",37.082536,-8.830364
"2243",38.473375,-7.796194
"2244",37.140091,-8.325219
"2245",38.519784,-8.070029
"2246",38.536,-8.071162
"2247",38.530588,-8.059698
"2248",38.527886,-8.059701
"2249",38.530136,-8.057405
"2250",38.528886,-8.060056
"2251",38.823477,-7.592177
"2252",38.822814,-7.594773
"2253",38.855533,-8.12538
"2254",38.854606,-8.126831
"2255",38.8542,-8.125495
"2256",38.853741,-8.128225
"2257",38.8522,-8.119735
"2258",38.415521,-7.369379
"2259",NA,NA
"2260",NA,NA
"2261",NA,NA
"2262",NA,NA
"2263",38.270817,-7.422318
"2264",NA,NA
"2265",38.942277,-8.11003
"2266",38.861729,-8.111784
"2267",38.759988,-8.194833
"2268",38.73915,-8.065296
"2269",37.363179,-8.214994
"2270",38.489286,-7.353702
"2271",38.480931,-7.776997
"2272",38.715792,-7.831233
"2273",NA,NA
"2274",NA,NA
"2275",NA,NA
"2276",NA,NA
"2277",38.83468,-7.53422
"2278",38.883129,-7.637248
"2279",NA,NA
"2280",38.447735,-7.336966
"2281",38.442338,-7.338171
"2282",38.440529,-7.337045
"2283",37.244311,-8.315927
"2284",38.481436,-8.97681
"2285",38.680131,-7.949798
"2286",NA,NA
"2288",38.715158,-8.300964
"2289",38.460818,-7.537779
"2290",NA,NA
"2291",38.56778,-7.372361
"2292",38.549855,-8.911628
"2293",38.754476,-7.676388
"2294",37.111732,-8.416042
"2295",38.426937,-7.468889
"2296",38.510755,-8.225963
"2297",NA,NA
"2298",37.03678,-8.941216
"2299",NA,NA
"2300",38.766499,-8.212086
"2301",38.709303,-7.766925
"2302",NA,NA
"2303",38.428271,-7.870647
"2304",38.437301,-7.872516
"2305",38.442931,-7.872427
"2306",38.444945,-7.870679
"2307",38.421526,-7.871897
"2308",38.420176,-7.872497
"2309",38.672928,-8.075642
"2310",NA,NA
"2311",NA,NA
"2312",38.655589,-8.079676
"2313",38.659973,-7.843289
"2314",37.252354,-8.29932
"2315",38.74812,-7.884057
"2316",37.686229,-8.368899
"2317",38.73189,-8.147116
"2318",38.834455,-8.133559
"2319",38.833951,-8.130058
"2320",38.740114,-7.831177
"2321",NA,NA
"2322",38.433304,-8.072394
"2323",NA,NA
"2324",38.911343,-8.036598
"2325",NA,NA
"2326",38.913244,-8.048356
"2327",38.918388,-8.063455
"2328",38.908477,-8.060352
"2329",38.926949,-8.069789
"2330",38.48583,-8.132499
"2331",38.486109,-8.131112
"2332",NA,NA
"2333",38.659487,-7.976205
"2334",38.498513,-7.966019
"2335",38.502571,-7.320314
"2336",38.505258,-7.317991
"2337",NA,NA
"2338",38.894513,-7.667714
"2339",37.069374,-8.917949
"2340",38.897681,-7.980249
"2341",38.863783,-7.959468
"2342",38.862348,-7.963504
"2343",38.860096,-7.964085
"2344",NA,NA
"2345",38.50668,-8.24946
"2346",38.773199,-8.227651
"2347",38.772287,-7.606314
"2348",38.776702,-7.606627
"2349",38.775395,-7.616417
"2350",38.761208,-7.606395
"2351",38.76632,-7.601525
"2352",NA,NA
"2353",38.6215,-7.983821
"2354",38.62168,-7.98359
"2355",38.624821,-7.988017
"2356",38.61997,-7.991701
"2357",38.60958,-7.988977
"2358",38.533986,-7.901425
"2359",38.406214,-7.872994
"2360",38.745436,-8.062725
"2361",38.755562,-8.064176
"2362",38.552292,-8.063646
"2363",38.552478,-8.058128
"2364",38.552724,-8.062808
"2365",38.552054,-8.057405
"2366",38.550782,-8.069349
"2367",38.56752,-8.056219
"2368",38.563009,-8.045898
"2369",38.159913,-6.974118
"2370",38.626725,-7.940482
"2371",38.628528,-7.952547
"2372",38.292606,-7.384293
"2373",38.279589,-7.355193
"2374",38.292984,-7.366092
"2375",38.548381,-7.301446
"2376",38.551075,-7.300268
"2377",38.837968,-8.122732
"2378",38.140555,-8.069692
"2379",38.627608,-7.456194
"2380",38.683281,-7.80096
"2381",38.684859,-7.80124
"2382",38.688473,-7.805246
"2383",38.690432,-7.803479
"2384",38.355408,-7.407764
"2385",NA,NA
"2386",NA,NA
"2387",NA,NA
"2388",38.324612,-7.94246
"2389",38.298912,-7.927323
"2390",38.670208,-8.048067
"2391",37.361961,-7.945704
"2392",38.909605,-8.008931
"2393",37.705363,-8.206232
"2394",37.222022,-8.24027
"2395",37.302145,-7.805822
"2396",NA,NA
"2397",37.308876,-7.829594
"2398",37.700823,-8.01516
"2399",37.326724,-7.891634
"2400",37.248451,-8.324153
"2401",37.377116,-7.861836
"2402",NA,NA
"2403",37.278292,-7.869801
"2404",37.458291,-8.130273
"2405",37.356416,-7.872351
"2406",37.235901,-8.009123
"2407",NA,NA
"2408",NA,NA
"2409",38.655004,-8.081515
"2410",38.656717,-8.085994
"2411",37.258467,-8.331788
"2412",37.063059,-8.919008
"2413",NA,NA
"2414",37.572965,-7.944805
"2415",NA,NA
"2416",38.660093,-8.080535
"2417",NA,NA
"2418",38.210704,-7.464006
"2419",38.208869,-7.458314
"2420",NA,NA
"2421",NA,NA
"2422",37.06714,-8.928607
"2423",NA,NA
"2424",38.535684,-8.290222
"2425",37.690861,-8.286137
"2426",NA,NA
"2427",38.758501,-8.068671
"2428",NA,NA
"2429",NA,NA
"2430",38.501874,-8.225057
"2431",38.459423,-7.565402
"2432",38.642584,-7.927495
"2433",38.74015,-8.083789
"2434",38.404744,-7.447626
"2435",38.641059,-7.931083
"2436",38.405034,-7.458786
"2437",38.385801,-7.734795
"2438",NA,NA
"2439",38.404277,-7.444769
"2440",38.392575,-7.44631
"2441",38.739815,-8.080995
"2442",38.737919,-8.092037
"2443",38.39343,-7.438576
"2444",38.639652,-7.924781
"2445",38.396117,-7.435975
"2446",38.739199,-8.094556
"2447",38.638911,-7.933845
"2448",38.403411,-7.450787
"2449",38.388039,-7.440917
"2450",38.388945,-7.441766
"2451",38.712743,-7.289165
"2452",38.697693,-7.270984
"2453",38.699512,-7.273262
"2454",38.401036,-7.6852
"2455",37.353311,-8.827219
"2456",38.411845,-9.195171
"2457",38.184018,-7.492784
"2458",NA,NA
"2459",38.892315,-7.918423
"2460",38.88847,-7.909502
"2461",NA,NA
"2462",NA,NA
"2463",NA,NA
"2464",NA,NA
"2465",NA,NA
"2466",38.88084,-7.923931
"2467",38.886231,-7.916712
"2468",38.890066,-7.920446
"2469",38.45668,-7.327703
"2470",38.452255,-7.339208
"2471",38.449576,-7.342674
"2472",38.750381,-8.04826
"2473",38.748815,-8.051368
"2474",38.752384,-8.053825
"2475",38.78747,-7.59734
"2476",38.525777,-7.854435
"2478",38.685043,-7.620204
"2479",NA,NA
"2480",38.431705,-7.436778
"2481",38.431261,-7.437928
"2482",38.429917,-7.439086
"2483",38.758041,-8.21172
"2484",38.73726,-7.861093
"2485",38.735459,-7.861674
"2486",38.432017,-7.41387
"2487",38.43472,-7.413843
"2488",38.432017,-7.41387
"2489",38.939208,-8.088002
"2490",NA,NA
"2491",38.473896,-7.532057
"2492",38.476637,-7.539769
"2493",38.773134,-7.479502
"2494",37.249392,-8.243634
"2495",37.373542,-7.855413
"2496",38.641626,-7.85215
"2497",38.449627,-7.697215
"2498",38.451433,-7.69835
"2499",38.499986,-7.969455
"2500",37.238604,-8.323576
"2501",38.26465,-7.622394
"2502",NA,NA
"2503",NA,NA
"2504",38.743492,-7.642182
"2505",NA,NA
"2506",38.789583,-7.616603
"2507",38.790718,-7.637508
"2508",38.648587,-8.045795
"2509",38.501757,-8.212482
"2510",NA,NA
"2511",38.375365,-7.510271
"2512",NA,NA
"2513",38.714624,-8.07216
"2514",38.614482,-7.351202
"2515",38.438331,-7.789416
"2516",NA,NA
"2517",NA,NA
"2518",NA,NA
"2519",NA,NA
"2520",38.578312,-8.032108
"2521",NA,NA
"2522",38.58916,-8.099811
"2523",38.589251,-8.100477
"2524",38.589575,-8.098743
"2525",38.843186,-7.672079
"2526",38.092381,-7.605571
"2527",38.515831,-8.19195
"2528",37.110413,-8.401974
"2529",NA,NA
"2530",38.931469,-8.12099
"2531",38.557497,-8.061163
"2532",38.645813,-8.288051
"2533",38.631839,-7.908818
"2534",38.62684,-7.904297
"2535",38.86434,-7.970988
"2536",38.864613,-7.972946
"2537",38.868314,-7.978929
"2538",NA,NA
"2539",38.378071,-7.51082
"2540",38.377631,-7.512826
"2541",37.233961,-8.335859
"2542",38.379186,-7.508808
"2543",37.234009,-8.33942
"2544",38.631715,-7.755111
"2545",37.378901,-7.854208
"2546",NA,NA
"2547",NA,NA
"2548",NA,NA
"2549",NA,NA
"2550",NA,NA
"2551",NA,NA
"2552",38.876554,-7.626922
"2553",NA,NA
"2554",38.846591,-7.74117
"2555",NA,NA
"2556",NA,NA
"2557",38.367244,-7.428242
"2558",38.363536,-7.411115
"2559",38.361742,-7.412277
"2560",38.360656,-7.418867
"2561",38.366453,-7.422574
"2562",38.372628,-7.424757
"2563",38.370778,-7.416765
"2564",38.367189,-7.419089
"2565",38.365584,-7.414528
"2566",38.367892,-7.423659
"2567",38.367312,-7.439684
"2568",38.367278,-7.433963
"2569",NA,NA
"2570",NA,NA
"2571",38.671387,-7.963379
"2572",38.671387,-7.963379
"2573",38.672114,-7.96132
"2574",38.424698,-7.360694
"2575",38.425383,-7.362118
"2576",38.424275,-7.364993
"2577",38.420291,-7.375627
"2578",38.41915,-7.373349
"2579",38.418936,-7.375069
"2580",38.353768,-7.434379
"2581",38.355989,-7.429209
"2582",38.356011,-7.432927
"2583",38.173943,-7.010721
"2584",38.173777,-7.010313
"2585",38.796566,-7.442454
"2586",NA,NA
"2587",NA,NA
"2588",NA,NA
"2589",38.78518,-7.631458
"2590",38.937381,-8.043714
"2591",38.938823,-8.04452
"2592",38.938462,-8.04429
"2593",38.938644,-8.046596
"2594",38.937288,-8.040254
"2595",38.086373,-8.621826
"2597",38.582079,-7.975868
"2598",NA,NA
"2599",NA,NA
"2600",38.553867,-7.935778
"2601",37.234104,-8.014761
"2602",38.578906,-7.938303
"2603",38.76531,-8.135928
"2604",NA,NA
"2605",38.260997,-7.437267
"2606",38.2574,-7.438444
"2607",38.526836,-7.312015
"2608",38.518713,-7.309814
"2609",38.517828,-7.312117
"2610",NA,NA
"2611",NA,NA
"2612",38.712974,-8.297337
"2613",38.38211,-7.50821
"2614",38.383011,-7.508203
"2615",38.380761,-7.508508
"2616",38.381432,-7.507644
"2617",38.381225,-7.511079
"2618",NA,NA
"2619",NA,NA
"2620",NA,NA
"2621",38.267001,-7.388076
"2622",38.763467,-8.097143
"2623",38.36814,-7.5069
"2624",38.519728,-7.820586
"2625",38.65115,-8.002185
"2626",38.832464,-8.180811
"2627",38.237493,-7.850396
"2628",NA,NA
"2629",38.896565,-7.903713
"2630",38.783542,-7.53062
"2631",38.788049,-7.531157
"2632",38.788068,-7.534898
"2633",38.786256,-7.532899
"2634",NA,NA
"2635",38.380387,-7.523103
"2636",38.378342,-7.519687
"2637",38.376768,-7.519986
"2638",38.379922,-7.520246
"2639",NA,NA
"2640",38.445001,-7.477314
"2641",38.541483,-8.918787
"2642",38.715318,-8.02265
"2643",37.382118,-8.079973
"2644",37.575874,-8.259785
"2645",37.577366,-8.263466
"2646",38.899627,-8.029352
"2647",38.891147,-8.016686
"2648",37.966065,-7.837532
"2649",37.067098,-8.850461
"2650",38.065376,-7.409666
"2651",38.900112,-7.979207
"2652",NA,NA
"2653",38.94372,-7.987764
"2654",38.726142,-8.038744
"2655",37.307172,-8.587664
"2656",38.687326,-8.051207
"2657",38.690049,-8.042515
"2658",NA,NA
"2659",37.931702,-7.540691
"2660",38.929414,-8.114244
"2661",38.689393,-7.812138
"2662",NA,NA
"2663",38.177255,-7.052724
"2664",38.650684,-8.092316
"2665",38.344683,-7.421597
"2666",38.349996,-7.406674
"2667",38.352755,-7.415798
"2668",38.713156,-7.968972
"2669",38.656021,-7.991768
"2670",38.660064,-7.990565
"2671",38.658273,-7.991741
"2672",38.660127,-7.998607
"2673",38.656922,-7.992329
"2674",38.806274,-7.573311
"2675",NA,NA
"2676",37.471189,-8.014627
"2677",38.41973,-7.393667
"2678",38.898996,-8.029929
"2679",NA,NA
"2680",38.911305,-7.700751
"2681",38.916522,-7.711096
"2682",38.777743,-7.587919
"2683",38.783365,-7.636788
"2684",38.677852,-7.267775
"2685",38.677878,-7.271222
"2686",38.702551,-8.019508
"2687",38.586446,-8.071119
"2688",NA,NA
"2689",38.882938,-8.004713
"2690",38.50959,-8.266089
"2691",NA,NA
"2692",38.55378,-8.085831
"2693",NA,NA
"2694",37.709598,-8.351395
"2695",NA,NA
"2696",38.400476,-7.411893
"2697",38.403199,-7.4153
"2698",38.412136,-7.403763
"2699",38.409512,-7.416383
"2700",38.40771,-7.416401
"2701",38.404556,-7.416146
"2702",38.095475,-7.646087
"2703",NA,NA
"2704",37.707899,-8.344019
"2705",38.428221,-7.348632
"2706",38.857965,-8.142315
"2707",38.419462,-7.423155
"2708",38.412354,-7.402616
"2709",37.324135,-7.881827
"2710",38.800358,-7.560695
"2711",38.637586,-8.003967
"2712",NA,NA
"2713",38.720998,-8.050836
"2714",38.721891,-8.051916
"2715",38.725149,-8.061514
"2716",NA,NA
"2717",38.94024,-8.017298
"2718",38.944193,-8.007372
"2719",38.944285,-8.008525
"2720",38.940783,-8.019488
"2721",NA,NA
"2722",NA,NA
"2723",NA,NA
"2724",NA,NA
"2725",37.32198,-7.749777
"2726",NA,NA
"2727",38.89448,-7.659357
"2728",38.755023,-7.551923
"2729",38.753613,-7.547344
"2730",38.747925,-8.052726
"2731",38.815095,-7.931319
"2732",38.811043,-7.932194
"2733",NA,NA
"2734",38.4548,-7.508386
"2735",NA,NA
"2736",NA,NA
"2737",37.969851,-7.890049
"2738",37.969752,-7.890083
"2739",38.464214,-7.515214
"2740",NA,NA
"2741",NA,NA
"2742",NA,NA
"2743",38.012356,-7.40348
"2744",38.758234,-7.606187
"2745",38.471902,-7.53511
"2746",38.471331,-7.534335
"2747",38.47049,-7.533666
"2748",38.461488,-7.514172
"2749",38.47745,-7.522573
"2750",38.023682,-7.157546
"2751",38.749336,-7.965254
"2752",38.697625,-8.089646
"2753",NA,NA
"2754",NA,NA
"2755",NA,NA
"2756",NA,NA
"2757",NA,NA
"2758",38.785819,-7.631304
"2759",38.904443,-7.984731
"2760",NA,NA
"2761",NA,NA
"2762",38.766658,-7.57736
"2763",NA,NA
"2764",38.76223,-7.593502
"2765",NA,NA
"2766",NA,NA
"2767",NA,NA
"2768",38.786816,-8.267295
"2769",NA,NA
"2770",38.190983,-8.110263
"2771",38.572537,-8.688907
"2772",38.573583,-8.686861
"2773",38.566735,-8.679683
"2774",NA,NA
"2775",NA,NA
"2776",38.422287,-7.443739
"2777",38.52152,-7.9932
"2778",NA,NA
"2779",38.465744,-8.436251
"2780",38.389237,-7.49327
"2781",38.390623,-7.484925
"2782",38.393417,-7.483503
"2783",38.384651,-7.494912
"2784",38.380785,-7.496205
"2785",37.513291,-7.778991
"2786",37.512756,-7.781052
"2787",NA,NA
"2788",NA,NA
"2789",38.416778,-7.855998
"2790",NA,NA
"2791",NA,NA
"2792",38.79019,-7.642438
"2793",NA,NA
"2794",38.398079,-7.463429
"2795",NA,NA
"2796",38.40174,-7.473698
"2797",NA,NA
"2798",NA,NA
"2799",NA,NA
"2800",NA,NA
"2801",38.66469,-7.631644
"2802",38.394613,-7.425435
"2803",38.40581,-7.416488
"2804",38.39499,-7.394663
"2805",37.832285,-8.311432
"2806",38.036262,-7.290978
"2807",NA,NA
"2808",NA,NA
"2809",NA,NA
"2810",NA,NA
"2811",NA,NA
"2812",NA,NA
"2813",38.75601,-7.977157
"2814",NA,NA
"2815",38.057614,-7.587465
"2816",NA,NA
"2817",NA,NA
"2818",NA,NA
"2819",38.748661,-7.535514
"2820",NA,NA
"2821",38.43647,-7.442745
"2822",38.434888,-7.441902
"2823",38.155309,-7.926014
"2824",38.431896,-7.554737
"2825",38.764272,-7.97875
"2826",37.972738,-8.07902
"2827",38.156447,-6.977151
"2828",38.73721,-7.977416
"2829",38.068675,-7.998063
"2830",38.737784,-7.968352
"2831",NA,NA
"2832",NA,NA
"2833",38.682581,-8.233656
"2834",38.681008,-8.229919
"2835",38.71365,-8.042267
"2836",38.387013,-7.867282
"2837",38.385924,-7.87159
"2838",38.387131,-7.879872
"2839",38.387381,-7.883019
"2840",38.386028,-7.882176
"2841",38.385589,-7.88362
"2842",38.387179,-7.885308
"2843",38.385936,-7.87302
"2844",NA,NA
"2845",NA,NA
"2846",38.552732,-7.941264
"2847",38.721494,-7.776637
"2848",38.721646,-7.965411
"2849",38.723407,-7.962555
"2850",37.060575,-8.885253
"2851",38.830244,-7.463721
"2852",38.600789,-8.014364
"2853",38.602662,-8.022948
"2854",38.603492,-8.014325
"2855",NA,NA
"2856",NA,NA
"2857",37.090917,-8.845287
"2858",37.474646,-7.671392
"2859",38.256213,-7.99028
"2860",37.067392,-8.917928
"2861",37.067572,-8.91793
"2862",38.715097,-8.279808
"2863",38.712845,-8.279918
"2864",37.982412,-7.541877
"2865",38.656046,-8.166125
"2866",38.273194,-7.619077
"2867",37.172798,-8.282256
"2868",37.256931,-8.318155
"2869",37.258778,-8.317878
"2870",38.686419,-8.012764
"2871",37.298164,-8.284737
"2872",NA,NA
"2873",NA,NA
"2874",NA,NA
"2875",38.410523,-7.434692
"2876",NA,NA
"2877",NA,NA
"2878",38.415955,-7.439219
"2879",38.639535,-7.998715
"2880",38.421904,-7.614133
"2881",38.597897,-7.746484
"2882",NA,NA
"2883",38.704851,-7.665127
"2884",38.742041,-7.234106
"2885",NA,NA
"2886",NA,NA
"2887",37.060525,-8.893123
"2888",38.732184,-8.048155
"2889",37.960259,-7.627067
"2890",38.054006,-8.232215
"2891",NA,NA
"2892",38.760457,-7.710002
"2893",38.400588,-7.525612
"2894",38.577646,-7.288635
"2895",38.573117,-7.290122
"2896",38.369094,-7.705159
"2897",38.423016,-7.415105
"2898",38.889791,-8.011501
"2899",38.8915,-8.009193
"2900",38.893295,-8.00285
"2901",38.606551,-8.002794
"2902",38.604771,-8.006264
"2903",38.800519,-7.971075
"2904",37.502056,-7.535176
"2905",NA,NA
"2906",NA,NA
"2907",38.97684,-7.503599
"2908",38.770725,-8.309552
"2909",38.023306,-7.914564
"2910",38.758,-8.281438
"2911",38.758082,-8.280391
"2912",38.550716,-8.028418
"2913",38.547778,-8.027103
"2914",38.546842,-8.027082
"2915",38.551427,-8.027213
"2916",38.550729,-8.032915
"2917",38.548756,-8.022548
"2918",38.553218,-8.025524
"2919",38.549872,-8.02094
"2920",38.552654,-8.029758
"2921",38.552022,-8.028072
"2922",38.549823,-8.026286
"2923",NA,NA
"2925",NA,NA
"2926",NA,NA
"2927",NA,NA
"2928",NA,NA
"2929",NA,NA
"2930",38.640716,-7.471401
"2931",37.091211,-8.726403
"2933",38.331015,-7.39657
"2934",38.352269,-7.367412
"2935",38.346461,-7.360953
"2936",38.347343,-7.358084
"2937",38.344272,-7.356847
"2938",38.346495,-7.352488
"2939",38.347118,-7.351337
"2940",38.345743,-7.347806
"2941",38.343138,-7.348864
"2942",38.324623,-7.355238
"2943",38.332452,-7.367735
"2944",38.331536,-7.365343
"2945",38.330443,-7.391544
"2946",38.329102,-7.378978
"2947",38.347244,-7.398694
"2948",38.346365,-7.402135
"2949",38.334683,-7.406827
"2950",38.327505,-7.411473
"2951",NA,NA
"2952",38.407635,-7.880133
"2953",38.410515,-7.874936
"2954",38.929207,-8.082357
"2955",38.925153,-8.081207
"2956",38.926232,-8.077516
"2957",38.608962,-7.698424
"2958",38.580598,-8.134576
"2959",38.607609,-7.69787
"2960",NA,NA
"2961",NA,NA
"2962",NA,NA
"2963",38.585868,-8.133199
"2964",38.177274,-7.447193
"2965",38.474568,-7.30917
"2966",38.473667,-7.30918
"2967",NA,NA
"2968",38.422616,-7.352472
"2969",38.420806,-7.351117
"2970",38.40415,-7.387243
"2971",38.3909,-7.393102
"2972",38.394481,-7.389632
"2973",38.388639,-7.391695
"2974",38.398751,-7.388157
"2975",38.393853,-7.397079
"2976",38.394056,-7.393642
"2977",38.396194,-7.394159
"2978",38.401217,-7.386415
"2979",38.393815,-7.39107
"2980",NA,NA
"2981",38.762499,-8.179245
"2982",38.514666,-8.224099
"2983",38.751654,-8.291847
"2984",38.453514,-7.698234
"2985",38.183835,-7.492329
"2986",38.704008,-8.081135
"2987",38.508886,-8.190832
"2988",38.771026,-8.218385
"2989",38.776036,-7.791095
"2990",38.709692,-7.311078
"2991",38.735069,-8.181907
"2992",38.347207,-7.631081
"2993",38.826792,-8.341531
"2994",38.413205,-7.431231
"2995",38.391888,-7.445973
"2996",NA,NA
"2997",NA,NA
"2998",38.596382,-7.724798
"2999",38.724888,-8.238753
"3000",38.914977,-7.572828
"3001",NA,NA
"3002",38.706189,-7.664119
"3003",38.758663,-8.19528
"3004",38.889438,-8.018763
"3005",38.855157,-8.089874
"3006",38.640685,-7.464418
"3007",38.737265,-7.573562
"3008",NA,NA
"3009",37.171476,-7.553213
"3010",NA,NA
"3011",37.622423,-8.730603
"3012",38.247695,-7.490056
"3013",38.24773,-7.489987
"3014",38.234196,-7.476355
"3015",38.23984,-7.478874
"3016",38.053779,-7.794375
"3017",38.399224,-7.356959
"3018",38.401183,-7.352118
"3019",37.318083,-8.762591
"3020",NA,NA
"3021",NA,NA
"3022",NA,NA
"3023",NA,NA
"3024",NA,NA
"3025",38.587027,-7.97098
"3026",NA,NA
"3027",38.898583,-8.054564
"3028",38.896853,-8.054024
"3029",38.901719,-8.055517
"3030",38.820618,-7.515051
"3031",38.335414,-7.753371
"3032",38.385395,-7.413187
"3033",38.390291,-7.403696
"3034",38.384487,-7.412052
"3035",38.395959,-7.409935
"3036",38.388526,-7.409723
"3037",38.393915,-7.407094
"3038",38.389195,-7.408571
"3039",38.390771,-7.408556
"3040",38.392796,-7.408249
"3041",38.392551,-7.405104
"3042",38.390078,-7.405701
"3043",38.597817,-7.843826
"3044",38.277932,-7.407392
"3045",38.276095,-7.401696
"3046",38.276124,-7.406267
"3047",38.158041,-8.70871
"3048",NA,NA
"3049",NA,NA
"3050",38.462272,-7.382979
"3051",38.880973,-7.950034
"3052",38.650131,-8.29277
"3053",38.937272,-8.021224
"3054",NA,NA
"3055",38.395409,-7.518856
"3056",38.890271,-7.963092
"3057",38.902108,-7.990154
"3058",38.902648,-7.989922
"3059",38.634614,-7.567033
"3060",37.071521,-8.863997
"3061",37.136343,-8.872498
"3062",38.21827,-7.874907
"3063",38.450677,-7.430868
"3064",38.76007,-8.193705
"3065",38.508972,-8.066828
"3066",38.365545,-7.840369
"3067",38.814685,-8.251516
"3068",38.470448,-7.39378
"3069",38.63357,-8.281823
"3070",38.517049,-8.239731
"3071",38.41897,-7.396034
"3072",37.240674,-8.3509
"3073",NA,NA
"3074",38.440852,-7.544357
"3075",38.505102,-8.251177
"3076",37.069582,-8.885904
"3077",37.061476,-8.885262
"3078",37.399109,-7.686311
"3079",38.628766,-7.967452
"3080",38.630556,-7.965703
"3081",37.144354,-8.511274
"3082",38.80529,-7.656264
"3083",38.664976,-7.985328
"3084",38.667626,-7.979543
"3085",NA,NA
"3086",38.057778,-8.010058
"3087",38.050587,-7.992867
"3088",38.635561,-7.274025
"3089",38.630148,-7.272942
"3090",38.626469,-7.262651
"3091",38.626486,-7.264947
"3092",38.629676,-8.020863
"3093",38.628754,-8.01743
"3094",38.608872,-7.971218
"3095",38.606299,-7.97352
"3096",37.37556,-7.815608
"3097",38.74401,-7.957387
"3098",38.529489,-7.305104
"3099",38.531145,-7.303594
"3100",38.531299,-7.30623
"3101",38.525903,-7.307438
"3102",38.478098,-7.298816
"3103",38.474072,-7.306459
"3104",38.480548,-7.300048
"3105",38.477254,-7.306847
"3106",38.472726,-7.303461
"3107",38.475445,-7.305722
"3108",38.749487,-7.211697
"3109",38.447759,-7.340403
"3110",38.442315,-7.334735
"3111",38.361592,-7.388252
"3112",38.362536,-7.395107
"3113",38.357959,-7.383713
"3114",38.359783,-7.387126
"3115",38.360676,-7.385973
"3116",38.362514,-7.391675
"3117",38.542108,-7.306106
"3118",38.543917,-7.307232
"3119",38.155365,-7.543577
"3120",38.157615,-7.542988
"3121",38.399373,-7.379852
"3122",38.461113,-7.317342
"3123",38.559214,-7.304763
"3124",38.325869,-7.300562
"3125",38.962823,-8.109678
"3126",38.962481,-8.109632
"3127",38.508519,-7.941198
"3128",NA,NA
"3129",37.444179,-8.156716
"3130",38.796393,-7.579144
"3131",38.797281,-7.576547
"3132",38.244961,-7.468262
"3133",38.237735,-7.464901
"3134",38.246762,-7.468245
"3135",38.242245,-7.466002
"3136",38.243127,-7.462567
"3137",38.251135,-7.445358
"3138",NA,NA
"3139",38.390829,-7.53904
"3140",38.401126,-7.526935
"3141",38.543638,-7.92281
"3142",38.380603,-7.742949
"3143",38.382613,-7.743373
"3144",38.226996,-7.477562
"3145",38.225156,-7.470726
"3146",38.229673,-7.472969
"3147",NA,NA
"3148",37.197191,-8.446582
"3149",38.753969,-7.513417
"3150",38.745884,-7.211744
"3152",38.748568,-7.209409
"3153",38.743227,-7.217529
"3154",37.20637,-8.593535
"3155",38.666609,-8.053816
"3156",38.405916,-7.455629
"3157",38.406845,-7.460486
"3158",NA,NA
"3159",38.336304,-7.378217
"3160",38.334443,-7.369087
"3161",38.338962,-7.371327
"3162",38.332723,-7.381685
"3163",37.619124,-8.105371
"3164",NA,NA
"3165",38.871487,-7.994824
"3166",37.989921,-7.611495
"3167",NA,NA
"3168",38.233773,-7.497717
"3169",38.23065,-7.486665
"3170",NA,NA
"3171",NA,NA
"3172",38.737361,-7.962878
"3173",NA,NA
"3174",NA,NA
"3175",38.386702,-7.524767
"3176",38.393022,-7.527575
"3177",38.399316,-7.525233
"3178",NA,NA
"3179",38.40148,-7.412662
"3180",38.201854,-7.492628
"3181",38.434736,-8.070412
"3182",38.433151,-8.072452
"3183",38.070701,-7.975369
"3184",NA,NA
"3185",NA,NA
"3186",NA,NA
"3187",NA,NA
"3188",37.585438,-8.299517
"3189",NA,NA
"3190",NA,NA
"3191",38.263638,-7.426958
"3192",38.297022,-7.43578
"3193",38.301513,-7.433451
"3194",NA,NA
"3195",NA,NA
"3196",37.358201,-7.827308
"3197",38.043233,-8.462795
"3198",38.430396,-7.390867
"3199",38.345964,-7.340369
"3200",38.364865,-7.337874
"3201",38.358598,-7.343663
"3202",37.232784,-8.278779
"3203",NA,NA
"3204",NA,NA
"3205",38.019549,-7.623107
"3206",38.671115,-7.944914
"3207",38.669369,-7.951192
"3208",NA,NA
"3209",38.654399,-7.72587
"3210",38.654399,-7.72587
"3211",NA,NA
"3212",NA,NA
"3213",38.712245,-7.821545
"3214",38.45145,-7.755262
"3215",38.313036,-7.269838
"3216",38.107581,-8.086436
"3217",NA,NA
"3218",NA,NA
"3219",NA,NA
"3220",38.055839,-7.964497
"3221",38.837902,-7.548014
"3223",38.836303,-7.54342
"3224",38.838104,-7.543405
"3225",38.781787,-7.539841
"3226",NA,NA
"3227",NA,NA
"3228",NA,NA
"3229",NA,NA
"3230",NA,NA
"3231",NA,NA
"3232",NA,NA
"3233",NA,NA
"3234",NA,NA
"3235",38.33943,-7.30727
"3236",NA,NA
"3237",NA,NA
"3238",NA,NA
"3239",NA,NA
"3240",38.063858,-7.595452
"3241",38.327116,-7.350866
"3242",38.324467,-7.358899
"3243",38.338895,-7.361034
"3244",38.329796,-7.347406
"3245",38.330506,-7.345912
"3246",38.330719,-7.350827
"3247",38.328948,-7.355421
"3248",38.64375,-7.840196
"3249",38.73083,-8.071341
"3250",38.731242,-8.067212
"3251",37.731473,-8.741462
"3252",37.732391,-8.738066
"3253",38.127166,-7.40364
"3254",38.514321,-7.325915
"3255",NA,NA
"3256",NA,NA
"3257",NA,NA
"3258",NA,NA
"3259",38.417575,-7.446646
"3260",38.408831,-7.453312
"3261",38.55921,-8.111011
"3262",NA,NA
"3263",NA,NA
"3264",38.386246,-7.905078
"3265",38.394838,-7.908668
"3266",38.938797,-8.014878
"3267",38.605769,-7.265197
"3268",NA,NA
"3269",38.517954,-8.224723
"3270",38.753906,-8.291334
"3271",38.448542,-7.695996
"3272",38.183324,-7.497709
"3273",38.772078,-8.220527
"3274",38.448183,-7.443207
"3275",38.698891,-7.312351
"3276",38.644542,-8.167567
"3277",38.719957,-8.172617
"3278",38.347484,-7.630553
"3279",38.828142,-8.341996
"3280",NA,NA
"3281",38.413198,-7.430086
"3282",NA,NA
"3283",38.687561,-7.666596
"3284",38.917284,-7.576811
"3285",38.755825,-8.196221
"3286",38.517496,-8.194165
"3287",38.7764,-8.223305
"3288",38.760503,-8.191094
"3289",38.645446,-8.106551
"3290",38.827687,-8.344528
"3291",NA,NA
"3292",NA,NA
"3293",38.684028,-7.663792
"3294",38.753395,-8.193297
"3295",38.827775,-8.345565
"3296",NA,NA
"3297",NA,NA
"3298",38.356165,-7.384875
"3299",38.361642,-7.39626
"3300",38.359805,-7.390558
"3301",38.355301,-7.390604
"3302",38.351647,-7.382634
"3303",38.345326,-7.380411
"3304",38.347121,-7.379249
"3305",38.347121,-7.379249
"3306",38.34619,-7.374683
"3307",38.35336,-7.368888
"3308",38.350731,-7.380355
"3309",38.350753,-7.383787
"3310",38.34893,-7.380374
"3311",38.353244,-7.37056
"3312",38.354025,-7.372908
"3313",38.354898,-7.389602
"3314",38.350702,-7.37578
"3315",38.356129,-7.379155
"3316",38.35429,-7.373454
"3317",38.532912,-7.825736
"3318",NA,NA
"3319",38.054004,-8.235633
"3320",NA,NA
"3321",NA,NA
"3322",38.748392,-8.199861
"3323",38.184285,-7.003281
"3324",NA,NA
"3325",NA,NA
"3326",38.456609,-8.044203
"3327",38.727344,-7.774883
"3328",37.132337,-8.864582
"3329",37.197391,-8.465742
"3330",NA,NA
"3331",38.457631,-8.079248
"3332",38.449769,-8.086574
"3333",NA,NA
"3334",38.59371,-7.97714
"3335",38.59105,-7.981771
"3336",38.589248,-7.981798
"3337",38.591951,-7.981758
"3338",38.593689,-7.974844
"3339",NA,NA
"3340",38.797119,-7.232379
"3341",37.977232,-8.075978
"3342",NA,NA
"3343",NA,NA
"3344",38.709888,-8.098468
"3345",38.444095,-7.509509
"3346",38.438285,-7.571867
"3347",38.311696,-7.36067
"3348",38.43824,-7.562704
"3349",38.267829,-7.925696
"3350",38.435862,-7.57389
"3351",37.19173,-8.457157
"3352",38.529885,-8.098118
"3353",NA,NA
"3354",38.083202,-8.052519
"3355",38.249145,-7.371122
"3356",38.677125,-7.512275
"3357",NA,NA
"3358",38.210096,-7.517675
"3359",38.210924,-7.503966
"3360",38.363193,-7.357343
"3361",38.382928,-7.414928
"3362",38.381118,-7.413516
"3363",38.385658,-7.41948
"3364",38.38297,-7.421795
"3365",38.7012,-7.954951
"3366",38.382762,-7.424658
"3367",NA,NA
"3369",38.902559,-7.991306
"3370",38.891727,-7.973807
"3371",38.891727,-7.973231
"3372",38.894433,-7.976337
"3373",38.628977,-7.991006
"3374",38.631659,-7.988669
"3375",37.952112,-7.342
"3376",NA,NA
"3377",38.435299,-7.72078
"3378",38.72482,-7.272786
"3379",38.725834,-7.269784
"3380",NA,NA
"3381",NA,NA
"3382",38.230947,-7.385017
"3383",38.842101,-7.532142
"3384",38.089691,-8.469854
"3385",38.375406,-7.437318
"3386",38.28138,-7.3925
"3387",38.336032,-7.337046
"3388",38.333314,-7.334788
"3389",38.704909,-8.080215
"3390",38.87508,-8.116966
"3391",38.876881,-8.118233
"3392",NA,NA
"3393",38.877242,-8.118233
"3394",38.900854,-7.996151
"3395",38.534972,-7.949592
"3396",NA,NA
"3397",NA,NA
"3398",38.708868,-8.071337
"3399",38.707182,-8.069108
"3400",38.706024,-8.07642
"3401",38.703687,-8.069283
"3402",37.467656,-8.057916
"3403",38.758761,-7.97974
"3404",38.757497,-7.984908
"3405",37.731546,-8.761881
"3406",38.711664,-8.105952
"3407",38.557585,-8.022959
"3408",38.562539,-8.022378
"3409",38.555333,-8.023375
"3410",38.556093,-8.027
"3411",38.557192,-8.027285
"3412",38.635854,-7.70397
"3413",38.875621,-8.126184
"3414",NA,NA
"3415",38.731028,-7.271734
"3416",38.763731,-8.201532
"3417",37.195814,-8.452928
"3418",38.388438,-7.360507
"3419",38.717021,-8.096142
"3420",NA,NA
"3421",38.715354,-8.093223
"3422",38.71351,-8.101019
"3423",38.713489,-8.092155
"3424",38.715868,-8.096155
"3425",38.716966,-8.09313
"3426",38.398899,-7.411909
"3427",38.397314,-7.410494
"3428",38.400512,-7.417903
"3429",38.851106,-8.100267
"3430",NA,NA
"3431",38.726738,-8.08665
"3432",38.729728,-8.084808
"3433",38.728477,-8.087236
"3434",38.723812,-8.090872
"3435",38.735215,-7.627678
"3436",38.46766,-7.352789
"3437",38.445065,-7.576969
"3438",38.517132,-8.923108
"3439",38.803759,-7.565561
"3440",38.341896,-7.407899
"3441",38.339236,-7.414788
"3442",38.706646,-7.952259
"3443",38.653255,-7.6083
"3444",NA,NA
"3445",38.667431,-8.07282
"3446",38.711036,-8.084683
"3447",NA,NA
"3448",38.80938,-7.269641
"3449",38.628405,-7.281001
"3450",NA,NA
"3451",NA,NA
"3452",NA,NA
"3453",37.222311,-7.636201
"3454",NA,NA
"3455",38.749621,-7.22895
"3456",NA,NA
"3457",38.310174,-7.377344
"3458",38.429797,-7.403013
"3459",38.694617,-7.345733
"3460",38.74279,-8.310392
"3461",38.73789,-8.310345
"3462",38.744327,-8.318079
"3463",38.744813,-8.318483
"3464",38.743884,-8.31932
"3465",38.743982,-8.320056
"3466",38.744314,-8.320816
"3467",38.751356,-8.310884
"3468",38.740463,-8.306544
"3469",38.743964,-8.320056
"3470",38.738729,-8.309277
"3471",38.730452,-8.30223
"3472",38.73123,-8.305901
"3473",38.731453,-8.295401
"3474",38.74045,-8.314825
"3475",38.738665,-8.310002
"3476",38.742168,-8.310689
"3477",38.743581,-8.323092
"3478",38.738642,-8.329853
"3479",38.74054,-8.314941
"3480",38.739935,-8.315595
"3481",38.725188,-8.30423
"3482",38.378719,-7.549438
"3483",38.822602,-7.597653
"3484",38.788022,-7.525978
"3485",38.787133,-7.528288
"3486",38.788489,-7.529139
"3487",38.435156,-7.341686
"3488",38.253274,-7.355085
"3489",38.571484,-7.968433
"3490",38.571566,-7.969419
"3491",38.858544,-7.683443
"3492",38.163188,-7.74614
"3493",38.05996,-8.003594
"3494",38.715559,-7.961205
"3495",38.703246,-7.968167
"3496",NA,NA
"3497",38.63655,-7.835516
"3498",NA,NA
"3499",38.920882,-7.598876
"3500",38.859357,-7.94563
"3501",NA,NA
"3502",NA,NA
"3503",38.719228,-8.073122
"3504",38.281399,-7.385643
"3505",38.200108,-7.502918
"3506",38.776267,-8.231199
"3507",NA,NA
"3508",38.500611,-7.879751
"3509",38.669442,-7.728359
"3510",38.392878,-7.421698
"3511",38.393542,-7.419688
"3512",38.391737,-7.419134
"3513",38.393533,-7.418258
"3514",38.395382,-7.425966
"3515",38.311185,-7.431357
"3516",38.631349,-7.953631
"3517",38.629569,-7.955955
"3518",38.639006,-7.95352
"3519",38.639907,-7.953506
"3520",38.636754,-7.953549
"3521",38.625955,-7.954862
"3522",38.680812,-7.303364
"3523",NA,NA
"3524",NA,NA
"3525",38.551814,-8.017817
"3526",38.555519,-8.019738
"3527",38.556438,-8.019852
"3528",38.554644,-8.018971
"3529",NA,NA
"3530",38.2995,-7.435756
"3531",NA,NA
"3532",NA,NA
"3533",38.112459,-7.646738
"3534",38.114832,-7.651979
"3535",38.116595,-7.651181
"3536",38.390957,-7.431789
"3537",NA,NA
"3538",37.432662,-7.497087
"3539",38.311096,-7.380765
"3540",38.07875,-8.153562
"3541",38.508047,-8.934473
"3542",38.734468,-7.378648
"3544",NA,NA
"3545",38.540467,-8.020691
"3546",38.630721,-7.885853
"3547",38.731818,-7.256774
"3548",37.201327,-8.23854
"3549",38.609404,-7.696217
"3550",38.615584,-7.696409
"3551",38.646488,-7.772207
"3552",38.694246,-8.068763
"3553",38.365956,-7.366467
"3554",38.366908,-7.374467
"3555",NA,NA
"3556",38.017357,-7.713882
"3557",38.733151,-8.122367
"3558",38.731674,-8.130441
"3559",38.943144,-8.0414
"3560",NA,NA
"3561",38.79146,-7.537747
"3562",38.352577,-7.3872
"3563",38.345356,-7.384986
"3564",38.344953,-7.385448
"3565",38.791641,-7.529113
"3566",38.339914,-7.379323
"3567",38.340881,-7.389608
"3568",38.348973,-7.387237
"3569",38.243792,-7.422581
"3570",38.256347,-7.424972
"3571",NA,NA
"3572",38.317582,-7.409284
"3573",38.318199,-7.39407
"3574",38.790363,-7.589837
"3575",NA,NA
"3576",38.33782,-7.626834
"3577",38.705705,-7.967839
"3578",38.337368,-7.624435
"3579",38.592528,-7.895499
"3580",37.599801,-8.695545
"3581",NA,NA
"3582",NA,NA
"3583",NA,NA
"3584",NA,NA
"3585",38.624394,-7.755862
"3586",37.144688,-8.359516
"3587",37.142378,-8.356402
"3588",37.140268,-8.366953
"3589",38.505095,-7.870564
"3590",NA,NA
"3591",38.499682,-7.867145
"3592",38.757189,-7.990385
"3593",38.868386,-7.797798
"3594",38.78505,-8.230924
"3595",NA,NA
"3596",NA,NA
"3597",NA,NA
"3598",38.393245,-7.88293
"3599",NA,NA
"3600",38.404435,-7.875313
"3601",38.462902,-7.864094
"3602",38.229749,-7.486673
"3603",38.227922,-7.482121
"3604",38.229711,-7.479821
"3605",38.666202,-7.275958
"3606",37.294205,-8.561647
"3607",37.171514,-7.561095
"3608",38.388704,-7.359932
"3609",38.853035,-7.614705
"3610",38.920418,-7.595997
"3611",38.92231,-7.595983
"3612",38.750698,-7.953863
"3613",NA,NA
"3614",NA,NA
"3615",38.86331,-7.944721
"3616",38.63409,-7.967716
"3617",38.640421,-7.960396
"3618",38.922059,-7.956443
"3619",38.922508,-7.955866
"3620",38.632314,-7.960508
"3621",38.641311,-7.95866
"3622",38.924492,-7.95736
"3623",38.635017,-7.961041
"3624",38.921338,-7.95633
"3625",38.921248,-7.956445
"3626",38.763699,-8.210507
"3627",38.487241,-7.761047
"3628",38.48241,-7.76875
"3629",38.492599,-7.771759
"3630",38.48724,-7.760565
"3631",38.707432,-8.039113
"3632",38.485951,-7.760537
"3633",38.491706,-7.760164
"3634",38.486317,-7.765258
"3635",38.486812,-7.767673
"3636",38.486522,-7.773142
"3637",NA,NA
"3638",38.647497,-7.945355
"3639",38.647497,-7.945355
"3640",38.646596,-7.945368
"3641",38.684011,-7.659482
"3642",38.684671,-7.597497
"3643",NA,NA
"3644",NA,NA
"3645",38.852245,-8.148166
"3646",NA,NA
"3648",NA,NA
"3649",38.757766,-8.205266
"3650",38.184993,-7.559512
"3651",38.760164,-8.202127
"3652",38.185426,-7.559543
"3653",38.769258,-8.220753
"3654",38.540463,-8.01725
"3655",38.773338,-8.233439
"3656",38.597231,-8.034378
"3657",38.596331,-8.034379
"3658",38.67377,-8.002098
"3659",NA,NA
"3660",38.653026,-8.090362
"3661",38.66558,-8.065089
"3662",38.659296,-8.022322
"3663",38.680875,-8.080853
"3664",38.459744,-7.382089
"3665",38.91131,-7.565098
"3666",38.625192,-7.520474
"3667",NA,NA
"3668",38.416002,-7.447234
"3669",38.716613,-8.067559
"3670",38.413273,-7.44268
"3671",38.432952,-7.91296
"3672",NA,NA
"3673",38.371424,-7.666456
"3674",38.880068,-8.01728
"3675",NA,NA
"3676",38.757293,-8.128565
"3677",38.538593,-7.318763
"3678",38.153164,-8.574184
"3679",38.737731,-7.870292
"3680",38.533092,-7.305062
"3681",38.536703,-7.306168
"3682",38.40996,-7.864061
"3683",38.224998,-7.44332
"3684",38.888798,-7.646717
"3685",38.885436,-7.650485
"3686",38.592062,-8.047584
"3687",38.591364,-8.054507
"3688",38.942785,-8.043131
"3689",38.945844,-8.038398
"3690",38.944939,-8.032747
"3691",37.47142,-7.552715
"3692",38.610217,-7.701551
"3693",38.637502,-7.708864
"3694",38.756516,-8.215308
"3695",38.665253,-8.046924
"3696",38.61501,-7.756887
"3697",NA,NA
"3698",38.752312,-8.177858
"3699",37.278437,-8.313067
"3700",NA,NA
"3701",38.398079,-7.463429
"3702",38.720527,-8.02478
"3703",38.72519,-8.022014
"3704",38.725037,-8.021358
"3705",38.719475,-8.037177
"3706",38.610429,-8.060445
"3707",38.618606,-8.071666
"3708",38.895825,-8.010338
"3709",38.395869,-7.47089
"3710",38.384005,-7.483873
"3711",38.401571,-7.475646
"3712",38.576525,-8.050472
"3713",38.583112,-8.053219
"3714",38.402667,-7.478269
"3715",38.398302,-7.463141
"3716",NA,NA
"3717",38.395373,-7.462882
"3718",38.401969,-7.474269
"3719",38.394997,-7.476049
"3720",38.392996,-7.480645
"3721",38.388503,-7.482689
"3722",38.562089,-7.805671
"3723",NA,NA
"3724",38.556875,-7.812555
"3725",NA,NA
"3726",38.418943,-7.748435
"3727",NA,NA
"3728",NA,NA
"3729",NA,NA
"3730",37.169913,-8.660588
"3731",38.811072,-7.587953
"3732",NA,NA
"3733",NA,NA
"3734",NA,NA
"3735",37.933259,-7.592786
"3736",37.14421,-8.554045
"3737",37.39239,-8.111122
"3738",NA,NA
"3739",NA,NA
"3740",NA,NA
"3741",38.308062,-8.226846
"3743",38.771128,-8.112386
"3744",38.782129,-8.04149
"3745",38.373399,-7.904695
"3746",38.38362,-7.889658
"3747",37.355641,-7.872105
"3748",38.037216,-7.157925
"3749",38.527835,-8.001215
"3750",37.252918,-8.330995
"3751",37.202934,-8.471623
"3752",38.405723,-7.643099
"3753",38.423481,-8.404892
"3754",38.39314,-7.654481
"3755",38.802759,-7.700255
"3756",38.804322,-7.696792
"3757",38.467381,-7.393124
"3758",NA,NA
"3759",38.731765,-7.534217
"3760",38.632041,-7.930637
"3761",38.627998,-7.93128
"3762",38.629372,-7.934124
"3763",38.626713,-7.93876
"3764",38.630612,-7.922051
"3765",38.62891,-7.932989
"3766",38.632074,-7.934083
"3767",38.631195,-7.936393
"3768",38.630295,-7.936407
"3769",NA,NA
"3770",38.728504,-8.011486
"3771",NA,NA
"3772",38.36617,-7.665975
"3773",NA,NA
"3774",NA,NA
"3775",NA,NA
"3776",NA,NA
"3777",NA,NA
"3778",38.745208,-8.045908
"3779",38.871417,-7.484169
"3780",37.149625,-8.679898
"3781",38.436114,-9.149451
"3782",38.749592,-8.089282
"3783",38.748681,-8.086165
"3784",38.592035,-8.078231
"3785",38.398688,-7.4142
"3786",38.374282,-7.40071
"3787",38.385048,-7.393734
"3788",38.387127,-7.402011
"3789",38.383801,-7.410342
"3790",38.381433,-7.260901
"3791",NA,NA
"3792",38.669804,-7.97146
"3793",38.645794,-7.956869
"3794",38.644003,-7.958045
"3795",38.646232,-7.954559
"3796",38.645805,-7.958017
"3797",NA,NA
"3798",38.528728,-7.994333
"3799",38.529966,-7.998103
"3800",NA,NA
"3801",38.762426,-7.498007
"3802",NA,NA
"3803",NA,NA
"3804",37.373246,-7.76329
"3805",37.718963,-7.669088
"3806",38.625212,-8.02552
"3807",37.164525,-8.714479
"3808",37.370171,-8.11342
"3809",37.129849,-8.53821
"3810",38.281593,-7.399275
"3811",38.366967,-7.38362
"3812",38.367883,-7.385899
"3813",38.36704,-7.395061
"3814",NA,NA
"3815",NA,NA
"3816",NA,NA
"3817",NA,NA
"3818",38.082255,-7.993125
"3819",38.393035,-7.861171
"3820",38.445676,-7.438076
"3821",38.448395,-7.440914
"3822",38.447039,-7.440068
"3823",38.447277,-7.442356
"3824",38.445689,-7.440367
"3825",38.44479,-7.440662
"3826",38.445928,-7.442655
"3827",38.44616,-7.443799
"3828",38.446619,-7.445226
"3829",38.444773,-7.437798
"3830",NA,NA
"3831",NA,NA
"3832",NA,NA
"3833",NA,NA
"3834",38.943758,-7.507444
"3835",NA,NA
"3836",NA,NA
"3837",NA,NA
"3838",NA,NA
"3839",38.862712,-7.966268
"3840",NA,NA
"3841",NA,NA
"3842",NA,NA
"3843",38.545499,-8.0269
"3844",38.545004,-8.026924
"3845",NA,NA
"3846",38.891349,-8.04089
"3847",38.892699,-8.039159
"3848",38.80613,-7.95811
"3849",NA,NA
"3850",38.224272,-7.329128
"3851",38.500888,-7.337528
"3852",38.697088,-8.035276
"3853",NA,NA
"3854",NA,NA
"3855",38.631467,-7.916869
"3856",38.631918,-7.916856
"3857",38.628337,-7.91921
"3858",38.630138,-7.919182
"3859",38.413689,-7.364819
"3860",38.408292,-7.366021
"3861",38.418876,-7.359039
"3862",38.416392,-7.36479
"3863",38.561561,-7.936078
"3864",37.141134,-8.605238
"3865",NA,NA
"3866",37.09842,-8.726459
"3867",37.250266,-8.338349
"3868",38.436325,-7.539813
"3869",38.538667,-8.022988
"3870",38.53687,-8.027578
"3871",38.627808,-7.911173
"3873",NA,NA
"3874",NA,NA
"3875",38.575322,-8.005065
"3876",37.10204,-8.723113
"3877",38.668292,-8.050792
"3878",38.668616,-8.051045
"3879",38.671812,-8.04849
"3880",38.667166,-8.050931
"3881",38.517229,-8.240075
"3882",38.528606,-7.914057
"3883",38.528612,-7.917498
"3884",38.448397,-7.4412
"3885",38.760398,-8.184594
"3886",38.762757,-8.204879
"3887",38.919549,-7.56464
"3888",38.795727,-7.879656
"3889",38.47622,-7.850041
"3890",38.276476,-7.550257
"3891",38.403875,-7.990438
"3892",38.715631,-8.211386
"3893",38.662057,-8.000396
"3894",38.2728,-7.935395
"3895",38.396035,-7.37897
"3896",38.314157,-7.890919
"3897",38.682362,-7.618764
"3898",38.653039,-7.991797
"3899",38.698968,-7.783496
"3900",38.498266,-7.909862
"3901",NA,NA
"3902",38.503006,-7.910237
"3903",38.498821,-7.961422
"3904",38.418314,-7.789579
"3905",38.487077,-7.95126
"3906",38.697807,-7.832573
"3907",38.559492,-7.838369
"3908",38.491465,-7.822473
"3909",38.395406,-7.886528
"3910",38.395224,-7.885842
"3911",38.638574,-7.953923
"3912",38.488745,-7.747021
"3913",38.598046,-7.942625
"3914",NA,NA
"3915",37.732477,-8.756217
"3916",NA,NA
"3917",38.560179,-7.939202
"3918",38.635434,-7.956446
"3919",38.598075,-7.961003
"3920",38.558757,-7.945573
"3921",38.566611,-8.043599
"3922",38.778752,-7.477436
"3923",NA,NA
"3924",NA,NA
"3925",38.434053,-7.802309
"3926",38.521196,-8.23687
"3927",38.926053,-8.079477
"3928",NA,NA
"3929",38.888584,-7.98096
"3930",38.887221,-7.971743
"3931",38.886224,-7.967711
"3932",NA,NA
"3933",38.708842,-8.095583
"3934",38.666374,-7.884915
"3936",38.6264,-7.253465
"3937",38.62459,-7.252339
"3938",38.847719,-7.790546
"3939",38.836253,-7.787767
"3940",NA,NA
"3941",37.951517,-8.043287
"3942",NA,NA
"3943",NA,NA
"3944",37.245908,-8.361036
"3945",37.367494,-7.870055
"3946",38.445532,-7.475706
"3947",37.307756,-7.814765
"3948",38.100782,-7.737497
"3949",37.711641,-8.022515
"3950",38.296162,-7.442647
"3951",38.749361,-7.643511
"3952",NA,NA
"3953",37.791813,-8.256612
"3954",38.670564,-8.304019
"3955",38.669524,-8.22818
"3956",38.722392,-7.77577
"3957",NA,NA
"3958",38.816976,-7.467012
"3959",38.795091,-7.50002
"3960",38.780898,-7.760806
"3961",38.642265,-8.016674
"3962",38.575993,-8.111786
"3963",38.572633,-8.110066
"3964",38.576767,-8.108825
"3965",38.581822,-8.115009
"3966",NA,NA
"3967",38.54052,-8.132522
"3968",NA,NA
"3969",37.237924,-8.309082
"3970",38.764468,-8.31858
"3971",37.219688,-8.014783
"3972",37.217883,-8.012533
"3973",38.465888,-9.090404
"3974",38.85184,-8.137706
"3975",38.851696,-8.138213
"3976",38.854921,-8.141681
"3977",38.593506,-7.313552
"3978",38.593474,-7.308961
"3979",38.597994,-7.311205
"3980",38.437534,-7.435279
"3981",38.434326,-7.43523
"3982",38.435132,-7.442048
"3983",38.440227,-7.430683
"3984",38.43712,-7.438444
"3985",38.697039,-8.030724
"3986",38.69423,-8.032946
"3987",38.694906,-8.033049
"3988",38.694535,-8.031118
"3989",38.697894,-8.029504
"3990",38.697941,-8.032286
"3991",NA,NA
"3992",NA,NA
"3993",NA,NA
"3995",NA,NA
"3996",NA,NA
"3997",38.925766,-7.603337
"3998",38.921505,-7.597142
"3999",38.92213,-7.595984
"4000",38.651882,-7.288764
"4001",38.637379,-7.276301
"4002",38.710917,-8.063758
"4003",38.317988,-7.439296
"4004",NA,NA
"4005",NA,NA
"4006",38.686339,-7.968745
"4007",38.688259,-7.969994
"4008",38.697139,-7.961824
"4009",38.328384,-7.408033
"4010",38.928486,-8.082358
"4011",NA,NA
"4012",38.778623,-7.689756
"4013",38.775715,-7.694953
"4014",NA,NA
"4015",38.526309,-8.058843
"4016",NA,NA
"4017",NA,NA
"4018",NA,NA
"4019",38.774676,-7.558887
"4020",38.751857,-8.059819
"4021",37.458791,-8.189577
"4022",38.883645,-7.864282
"4023",38.524052,-8.89853
"4024",38.632986,-8.281248
"4025",NA,NA
"4026",NA,NA
"4027",38.680111,-8.040011
"4028",38.678305,-8.034554
"4029",38.323194,-7.593475
"4030",NA,NA
"4031",38.600759,-8.01092
"4032",NA,NA
"4033",37.752436,-7.623899
"4034",NA,NA
"4035",38.814198,-7.536406
"4036",38.815118,-7.540141
"4037",38.187811,-7.502853
"4038",38.186349,-7.500651
"4039",38.187355,-7.49514
"4040",38.191662,-7.495274
"4041",38.183984,-7.506538
"4042",38.756648,-7.715489
"4043",NA,NA
"4044",NA,NA
"4045",38.757766,-7.713182
"4046",37.634713,-8.685952
"4047",NA,NA
"4048",NA,NA
"4049",NA,NA
"4050",NA,NA
"4051",NA,NA
"4052",38.383196,-7.500602
"4053",38.85218,-7.614999
"4054",NA,NA
"4055",38.705774,-7.267439
"4056",NA,NA
"4057",NA,NA
"4058",38.427154,-7.357519
"4059",38.431675,-7.360047
"4060",38.429888,-7.362357
"4061",38.393282,-7.413968
"4062",38.388804,-7.418304
"4063",NA,NA
"4064",NA,NA
"4065",38.877777,-7.982251
"4066",38.889935,-7.980957
"4067",NA,NA
"4068",38.885889,-7.986152
"4069",38.398406,-7.369559
"4070",38.399292,-7.36726
"4071",38.402895,-7.367222
"4072",38.396545,-7.360421
"4073",38.401153,-7.376399
"4074",38.741863,-8.068169
"4075",38.74409,-8.072227
"4076",38.742721,-8.072366
"4077",38.466051,-7.93966
"4078",NA,NA
"4079",NA,NA
"4080",NA,NA
"4081",NA,NA
"4082",38.776581,-7.492128
"4083",38.766692,-8.220278
"4084",38.575384,-7.881785
